{
  "RL_TGS03": 10000.0,
  "RL_TGS02": 3300.0,
  "RL_TGS12": 10000.0,
  "TGS03_B1": 30.0,
  "TGS03_A": -1.0,
  "TGS02_B1": 50.0,
  "TGS02_A": 4.0,
  "TGS12_B1": 1000.0,
  "TGS12_A": 0.0,

  "CO_B0": 70.0,
  "CO_B1": 0.4,
  "CO_B2": -0.4,
  "CO_B3": 0.0,
  "NO_B0": 0.2,
  "NO_B1": 0.03,
  "NO_B2": -0.03,
  "NO_B3": 0.0,
  "NO2_B0": 20.0,
  "NO2_B1": -0.09,
  "NO2_B2": -0.063,
  "NO2_B3": 0.0,
  "O3_B0": -20.0,
  "O3_B1": -0.09,
  "O3_B2": -0.054,
  "O3_B3": 0.0,
  "O3_D": -1.35,
  "SO2_B0": 4.0,
  "SO2_B1": 0.005,
  "SO2_B2": -0.008,
  "SO2_B3": 0.0,
  "NH3_B0": 0.2,
  "NH3_B1": 0.00014,
  "NH3_B2": 0.0,
  "NH3_B3": 0.0,
  "H2S_B0": 0.2,
  "H2S_B1": 0.00005,
  "H2S_B2": -0.00009,
  "H2S_B3": 0.0,

  "CO_PPB_DIV": 1.16,
  "NO_PPB_DIV": 1.247,
  "NO2_PPB_DIV": 1.913,
  "O3_PPB_DIV": 2.0,
  "SO2_PPB_DIV": 2.66,
  "H2S_PPB_DIV": 1.4166,
  "NH3_PPB_DIV": 0.7079,

  "PID_OFFSET": 140.0,
  "PID_B": 0.0,
  "PID_A": 3.0,
  "PID_CF": 1.0,
  "HCHO_B1": 1.0,
  "HCHO_A": 0.0,
  "HCHO_PPB_CF": 0.814,

  "PM1_A": 1.0,
  "PM1_B": 0.0,
  "PM25_A": 1.0,
  "PM25_B": 0.0,
  "PM10_A": 1.0,
  "PM10_B": 0.0,

  "AMBIENT_TEMP_A": 1.0,
  "AMBIENT_TEMP_B": 0.0,
  "AMBIENT_HUMID_A": 1.0,
  "AMBIENT_HUMID_B": 0.0,
  "AMBIENT_PRESS_A": 1.0,
  "AMBIENT_PRESS_B": 0.0,
  "DUST_TEMP_A": 1.0,
  "DUST_TEMP_B": 0.0,
  "DUST_HUMID_A": 1.0,
  "DUST_HUMID_B": 0.0,
  "DUST_PRESS_A": 1.0,
  "DUST_PRESS_B": 0.0,
  "GAS_TEMP_A": 1.0,
  "GAS_TEMP_B": 0.0,
  "GAS_HUMID_A": 1.0,
  "GAS_HUMID_B": 0.0,
  "GAS_PRESS_A": 1.0,
  "GAS_PRESS_B": 0.0,

  "SCD_CO2_A": 1.0,
  "SCD_CO2_B": 0.0,
  "SCD_T_A": 1.0,
  "SCD_T_B": 0.0,
  "SCD_RH_A": 1.0,
  "SCD_RH_B": 0.0,

  "ODO_A0": -0.9641,
  "ODO_A1": 2.1529,
  "ODO_A2": 1.6481,
  "ODO_A3": 0.0164,
  "ODO_A4": 0.2739,
  "ODO_A5": -1.0731,

  "B4_TO": 25.0,
  "B4_B": 3380.0,
  "B4_RO": 10.0,
  "B4_RS": 33.0,
  "B4_K": 3.2,
  "B4_COK": 273.15,
  "TGS_TO": 25.0,
  "TGS_B": 3380.0,
  "TGS_COK": 273.15,
  "B4_LSB": 3.90625,
  "TGS_LSB": 3.90625,

  "GAS_MIN": 0.0,
  "GAS_MAX": 50000.0,
  "PPB_MIN": 0.0,
  "PPB_MAX": 50000.0,
  "HCHO_MIN": 0.0,
  "HCHO_MAX": 40000.0,
  "PID_MIN": 0.0,
  "PID_MAX": 40000.0,
  "PM_MIN": 0.0,
  "PM_MAX": 5000.0,
  "ENV_MIN": -100.0,
  "ENV_MAX": 2000.0,
  "SCD_CO2_MIN": 0.0,
  "SCD_CO2_MAX": 60000.0,
  "SCD_T_MIN": -100.0,
  "SCD_T_MAX": 100.0,
  "SCD_RH_MIN": 0.0,
  "SCD_RH_MAX": 100.0,
  "ODO_MIN": 0.0,
  "ODO_MAX": 1000000.0
}
